lat,lng,first_name,last_name,gender
17.411822,78.4768582,Catherine,Baker,Male
17.4137034,78.4767344,Frederick,Williams,Male
17.4100271,78.470697,Tyler,Cooper,Male
17.4103285,78.4704912,Edwin,Roberts,Male
17.4113715,78.4717473,Carl,Brown,Male
17.4179311,78.4795239,Ted,Moore,Male
17.405855,78.473494,Annabella,Hamilton,Male
17.407233,78.474584,Daryl,Spencer,Male
17.436696,78.463324,Madaline,Cameron,Male
17.433913,78.46043,Mike,Murray,Female
17.432083,78.459136,Elise,Roberts,Female
17.442076,78.478149,Robert,Smith,Female
17.441033,78.475983,Haris,Brown,Female
17.439917,78.48284,Wilson,Grant,Female
17.441158,78.484208,Kellan,Hall,Female
17.442114,78.49435,Jacob,Mitchell,Male
17.436675,78.492291,Alen,Cunningham,Male
17.439038,78.48317,Kevin,Fowler,Male
17.390284,78.512328,Briony,Morrison,Male
17.382482,78.511865,Ted,Andrews,Male